<?xml version="1.0" encoding="UTF-8"?>
<beans xmlns="http://www.springframework.org/schema/beans"
	xmlns:xsi="http://www.w3.org/2001/XMLSchema-instance" xmlns:p="http://www.springframework.org/schema/p"
	xmlns:context="http://www.springframework.org/schema/context"
	xmlns:aop="http://www.springframework.org/schema/aop" 
	
	xmlns:jaxrs="http://cxf.apache.org/jaxrs"
	xmlns:util="http://www.springframework.org/schema/util"

	xsi:schemaLocation="http://www.springframework.org/schema/beans http://www.springframework.org/schema/beans/spring-beans-4.0.xsd http://www.springframework.org/schema/context 
    http://www.springframework.org/schema/context/spring-context-4.0.xsd http://www.springframework.org/schema/aop 
    http://www.springframework.org/schema/aop/spring-aop-4.0.xsd
    http://cxf.apache.org/jaxrs http://cxf.apache.org/schemas/jaxrs.xsd
    http://www.springframework.org/schema/util http://www.springframework.org/schema/util/spring-util-2.0.xsd
    "
	default-destroy-method="destroy" default-init-method="afterPropertiesSet" default-autowire="byName">

	<context:component-scan base-package="com.bku.inautix" />

	<jaxrs:server id="restService" address="/jaxrs-server">
		<jaxrs:serviceBeans>
			<ref bean="ServiceBean"/>
			<ref bean="CommonServiceBean"/>
			<ref bean="BrokerServiceBean"/>
			<ref bean="AdminServiceBean"/>
			<ref bean="PlayerBean"/>

		</jaxrs:serviceBeans>
	</jaxrs:server>

	<bean id="ServiceBean" class="com.bku.inautix.service.MyService" >
		<property name="dataSource" ref="dataSource" />
	</bean>
	<bean id="BrokerServiceBean" class="com.bku.inautix.broker.Controller.brokerController" >
		<property name="dataSource" ref="dataSource" />
	</bean>
	<bean id="AdminServiceBean" class="com.bku.inautix.admin.controller.AdminService" >
		<property name="dataSource" ref="dataSource" />
	</bean>
	<bean id="CommonServiceBean" class="com.bku.inautix.common.controller.CommonService" >
		<property name="dataSource" ref="dataSource" />
	</bean>
	 <bean id="dataSource" class="org.springframework.jndi.JndiObjectFactoryBean">
		 <property name="jndiName" value="jdbc/Test" /> 
         <property name="resourceRef" value="true" />	
	</bean>	
	<bean id="BrokerBean" class="com.bku.inautix.broker.bean.BrokerValuesBean">
   </bean>	

   <bean id="SaveBroker" class="com.bku.inautix.broker.bean.SaveBrokerValues">
   </bean>	
	
	<bean id="daoimpl" class="com.bku.inautix.broker.DAO.Impl.IbrokerDAOimpl" >
		<property name="dataSource" ref="dataSource" />
	</bean>
	
	<bean id="PlayerBean" class="com.bku.inautix.player.controller.PlayerController" >
		<property name="dataSourcePlayer" ref="dataSourcePlayer" />
	</bean>
	
	 <bean id="dataSourcePlayer" class="org.springframework.jndi.JndiObjectFactoryBean">
		 <property name="jndiName" value="jdbc/Test" /> 
         <property name="resourceRef" value="true" />	
</bean>
<bean id="ipAddressBean" class="com.bku.inautix.model.IpAddressBean">
		 <property name="ipAddress" value="172.24.34.90:8090" /> 
  		</bean>	
  		
	<bean id="excelFilePathBean" class="com.bku.inautix.model.ExcelFilePathBean">
		 <property name="excelFilePath" value="C:\\Data\\Pricing.xlsx" /> 
  		</bean>	
	<bean id="viewResolver"
		class="org.springframework.web.servlet.view.UrlBasedViewResolver">
		<property name="viewClass"
			value="org.springframework.web.servlet.view.JstlView" />
		<property name="prefix" value="/WEB-INF/jsp/" />
		<property name="suffix" value=".jsp" />
	</bean>

</beans>